{
  "ts": "2025-12-02T17:10:11.063007Z",
  "num_chunks": 17,
  "num_sentences_extracted": 12,
  "processing_time": 21.32458734512329
}