{
  "ts": "2025-11-06T16:42:02.849686Z",
  "num_chunks": 17,
  "num_sentences_extracted": 12,
  "processing_time": 10.894233703613281
}