{
  "ts": "2025-12-02T16:46:16.419370Z",
  "num_chunks": 17,
  "num_sentences_extracted": 12,
  "processing_time": 10.818667888641357
}